symbol,counter,date,force_sum,force_max,force_min,force_mean,force_std,price_change_min,price_change_max,price_change_std,buy_vol_chg_max,buy_vol_chg_mean,sell_vol_chg_max,sell_vol_chg_mean
ADVENTA,7191,2020-06-15,-9409.385166574692,1399.999999999995,-1881.5286624203818,-19.726174353406062,198.77550495942933,-1.8181818181818077,1.8518518518518379,0.38883516029986737,800.0,2.185750236631613,1923.0,19.354194086632134
ADVENTA,7191,2020-06-12,21249.901599719607,7862.068965517257,-5112.25806451613,44.36305135640836,592.6002866243215,-4.516129032258065,6.896551724137945,0.5853384496312719,1000.0,4.546491750260443,2260.0,16.312909177965004
ADVENTA,7191,2020-06-11,43524.552740691695,52988.37209302335,-1884.7826086956477,90.8654545734691,2427.833530326684,-1.6853932584269704,6.976744186046524,0.47675340272348055,3000.0,6.394300267139596,2830.0,12.270037998271224
ADVENTA,7191,2020-06-10,12826.11305103919,3146.808510638297,-1242.4083769633478,26.776853968766577,333.1955224923782,-1.6853932584269704,2.2727272727272707,0.41672384289988146,1000.0,3.288962316909572,2100.0,19.052232026428896
ADVENTA,7191,2020-06-09,-11685.454330194292,3532.58426966293,-3215.300546448091,-24.39552052232629,422.69799087109885,-2.020202020202022,2.0408163265306145,0.3893133108195038,1000.0,1.0261534508519499,2241.0,11.960420634915673
ADVENTA,7191,2020-06-05,3157.9939452039516,13427.272727272753,-15219.047619047637,6.579154052508232,1478.6427802562973,-4.761904761904767,3.349282296650724,0.5851698775829954,2000.0,2.5151308654919493,4168.0,21.164541647291735
ADVENTA,7191,2020-06-04,84003.33548430586,16888.333333333274,-6756.756756756757,176.10762156038965,1471.8069196366264,-5.405405405405405,3.401360544217691,0.597868691987164,5000.0,4.0393598037387175,7255.0,25.741295202361147
ADVENTA,7191,2020-06-03,29074.831405001256,36671.942446043264,-10368.055555555551,60.699021722340824,2467.0793288334357,-5.063291139240511,5.035971223021596,0.7976120532571095,3000.0,2.7321238250194675,4602.0,15.478103627183701
ADVENTA,7191,2020-06-02,-3411.0299437146477,18815.00000000002,-26157.89473684202,-7.121148107963774,2544.762258881486,-8.18181818181819,5.000000000000004,0.8264497594609505,5000.0,3.3492376071946026,9089.0,12.288177591151726
ADVENTA,7191,2020-06-01,73737.96539612551,17623.85786802023,-9418.348623853306,153.9414726432683,1626.2348397275516,-1.3953488372092981,2.0000000000000018,0.2805512029290107,3000.0,16.93403201048341,6155.0,3.2782793258457823
ADVENTA,7191,2020-05-29,221853.93656527041,49803.72670807433,-29714.970059880336,463.1606191341762,4713.456819628694,-2.395209580838331,3.7267080745341463,0.5278684643186122,5000.0,8.757619143056514,9468.0,16.1348398563391
ADVENTA,7191,2020-05-28,221643.54338056783,55821.42857142768,-49517.391304347715,462.72138492811655,5744.260425019043,-5.072463768115931,3.649635036496335,0.6313239161880393,5000.0,3.6145640710470555,6334.0,27.216081717340867
ADVENTA,7191,2020-05-27,2002.0823225570966,3194.690265486731,-2064.9122807017607,4.179712573188093,269.6132363788987,-0.92592592592593,0.9345794392523477,0.3382335702335154,1000.0,6.516082351595933,4200.0,24.7770619806821
ADVENTA,7191,2020-05-22,-18315.00295462031,1920.9090909090799,-5767.857142857159,-38.23591431027205,382.93342292775003,-1.7857142857142905,0.990099009900991,0.41025651770030025,2000.0,5.414360840748518,4201.0,25.65827744319066
ADVENTA,7191,2020-05-21,-9620.723365163167,5628.318584070806,-11032.142857142886,-20.085017463806192,711.5673632030562,-1.869158878504673,1.85185185185186,0.4501813957909439,1500.0,5.3029582572233105,4336.0,16.57327190570164
ADVENTA,7191,2020-05-20,43120.41206774197,10242.051282051245,-2897.169811320754,90.39918672482594,913.9919129229046,-1.4851485148514865,2.051282051282044,0.40369484940351247,1077.0,9.512398888796524,2946.0,25.06449457917773
ADVENTA,7191,2020-05-19,2014.9438178138957,3411.5183246073457,-1113.227513227525,4.233075247508184,248.18374014922622,-1.058201058201047,1.5706806282722585,0.28466991053782587,1250.0,2.28506815395683,2393.0,22.189018755317182
ADVENTA,7191,2020-05-18,-5799.124223947612,1058.2524271844657,-1774.0384615384553,-12.157493131965644,186.7835791494039,-1.9230769230769273,1.9607843137254832,0.4271699073893505,1000.0,9.314973890297285,2143.0,21.727914811422224
ADVENTA,7191,2020-05-15,-3565.567692795261,2839.99999999999,-2290.740740740751,-7.490688430242145,277.4725901786589,-2.5862068965517238,2.8301886792452935,0.42636660026777495,1000.0,3.285244249056656,1842.0,20.240309073009776
ADVENTA,7191,2020-05-14,4867.961727638621,3496.153846153834,-3186.9918699186946,10.184020350708412,457.1754024516708,-2.5862068965517238,3.418803418803429,0.5421540090778051,1000.0,4.580705461345899,1697.0,23.39704266355254
ADVENTA,7191,2020-05-13,24066.520987865817,15019.852941176418,-8117.829457364355,50.243258847319034,1779.4970847191453,-3.3898305084745783,4.504504504504481,0.7481680250287133,5000.0,3.3920970885563158,6039.0,14.927415476027871
ADVENTA,7191,2020-05-12,204876.01501832253,42398.181818181576,-10174.285714285717,427.7161065100679,3446.5079692222744,-2.857142857142858,2.7272727272727115,0.566621472182833,5000.0,7.035023587474572,12086.0,17.439791106679753
ADVENTA,7191,2020-05-08,4114.989549492414,2709.1891891892174,-1107.486631016047,8.590792378898568,191.79885369831965,-0.5524861878453025,1.0928961748633892,0.19259295950318212,1000.0,11.203823613698473,2430.0,41.38006857039626
ADVENTA,7191,2020-05-06,-3055.4224685865997,368.47826086955934,-1977.1739130434871,-6.432468354919157,107.19100379502832,-1.0869565217391353,0.5555555555555536,0.18945558399785795,1400.0,15.265258434253065,1595.0,27.140364883645496
ADVENTA,7191,2020-05-05,8982.456984147115,8581.914893617019,-1458.6387434554836,18.752519799889594,419.9591998588723,-0.5376344086021501,1.5957446808510634,0.18477221797134213,1200.0,11.319722791351447,1928.0,21.890132647430708
HARTA,5168,2020-06-15,-5124.732854476142,1499.999999999938,-960.063391442128,-10.698815980117207,182.23006804120985,-0.9360374414976724,0.7936507936507908,0.19406578231916793,1000.0,0.6844627572463133,7095.0,2.5766879160218554
HARTA,5168,2020-06-12,10876.291491172238,3583.7049742710064,-1561.983471074375,22.75374788948167,261.01178657640185,-1.3333333333333308,2.9159519725557415,0.23490486187131157,1000.0,2.217444742468019,2820.0,5.0652446260739765
HARTA,5168,2020-06-11,62335.058336657305,70733.17384370013,-4166.134185303496,130.4080718340111,3246.5552723373344,-0.7812500000000111,4.6251993620414655,0.277514948436468,1000.0,0.30500590372215153,7384.0,4.728045802628591
HARTA,5168,2020-06-10,1461.6727926281083,1647.69475357711,-514.1732283464557,3.0643035484866,109.62822657135013,-1.0903426791277315,0.6359300476947549,0.12870521353475844,700.0,0.6172186678085564,3823.0,2.998225934858772
HARTA,5168,2020-06-09,10663.716320391883,4207.54716981129,-1744.1717791410626,22.262455783699128,319.19148855022917,-1.2598425196850394,1.5723270440251458,0.21638553603270008,1034.0,0.8183416292824846,3091.0,2.6042618668003694
HARTA,5168,2020-06-05,4122.655390099124,5492.30769230771,-3020.2614379085885,8.606796221501302,308.01835654181264,-0.6622516556291425,0.9836065573770592,0.16930742031834037,1762.0,1.4715816587304054,6666.0,3.380176798748119
HARTA,5168,2020-06-04,23008.509295958094,11665.239726027368,-2126.850258175527,48.034466171102494,580.5444838959046,-1.6483516483516425,2.003642987249532,0.24120374690260485,2139.0,1.690061823760077,2781.0,4.483399860595501
HARTA,5168,2020-06-03,-13584.442457804087,3873.015873015881,-12212.352941176427,-28.47891500587859,815.6943552016547,-3.8235294117646923,2.645502645502651,0.5342805301514016,1124.0,-0.06610200459463234,2267.0,3.902796854442867
HARTA,5168,2020-06-02,11390.058424480643,6024.305555555573,-3952.0000000000036,23.82857410979214,445.5462756127865,-4.0000000000000036,3.472222222222232,0.39751643543557325,682.0,0.17632000017310795,2978.0,8.13834727456601
HARTA,5168,2020-06-01,2425.674094941928,4567.32824427485,-2801.052631578956,5.064037776496718,312.08078018536963,-1.0526315789473717,1.2480499219968744,0.1922128827920294,500.0,0.2979298882660643,3287.0,3.1574426277383414
HARTA,5168,2020-05-29,589119.4671514466,577846.8227424732,-1008.5141903172009,1229.8945034476965,26402.36536768717,-1.279707495429605,4.849498327759183,0.30703101172789926,4393.0,-1.0280480355286448,43054.0,2.552201712797072
HARTA,5168,2020-05-28,5438.158974383746,2192.4324324325453,-683.9059674502869,11.376901620049678,152.6905995996225,-0.7220216606498187,0.7220216606498298,0.13885086064507024,868.0,1.1471174204402381,8982.0,2.605785643493327
HARTA,5168,2020-05-27,13357.204496037477,9584.44444444439,-1008.7431693989184,27.88560437586112,481.1851079924191,-1.7889087656529412,3.5185185185184986,0.26619387640603065,1003.0,2.2539212154403105,3000.0,2.8800164741410508
HARTA,5168,2020-05-22,-4217.520330644762,735.4443309500525,-4220.325203251998,-8.823264290051803,208.82994905663142,-1.0040160642570406,0.5086469989827203,0.13046779549979873,540.0,2.1564255433426855,1279.0,4.213041254260049
HARTA,5168,2020-05-21,5852.233727364659,2486.0000000000023,-1190.7756813417145,12.217606946481542,228.29588961609613,-1.0482180293501009,1.041666666666674,0.18243377518617968,2102.0,1.7584922829038354,5875.0,3.590497990869137
HARTA,5168,2020-05-20,9281.768449112087,6875.295381310359,-687.499999999989,19.377387158897886,322.5059566920795,-0.5434782608695565,1.1815252416756072,0.12211857898032723,1418.0,1.723602590435667,1876.0,2.443477921540155
HARTA,5168,2020-05-19,1488.5283199539062,1401.3559322034137,-733.7028824833643,3.114075983167168,130.62067262776392,-1.1235955056179692,1.157407407407396,0.1726720149501908,1301.0,0.7887326957159265,2796.0,3.7133966479947045
HARTA,5168,2020-05-18,-3631.2228376346684,1151.351351351379,-1656.182212581372,-7.580840997149621,149.0815215073589,-0.6564551422319487,0.6486486486486642,0.14394728718398744,710.0,1.379462358505422,2142.0,2.0361352427398405
HARTA,5168,2020-05-15,-3284.4636353407113,702.7484143763047,-2331.6337148803286,-6.856917819082905,132.31478140987818,-2.185223725286156,0.8376963350785305,0.15813541296156605,1026.0,0.9121922955827292,2497.0,2.5463027081811487
HARTA,5168,2020-05-14,8895.740744715122,4812.444444444475,-2856.4948453607635,18.57148380942614,408.28760064499875,-2.19780219780219,1.7777777777777892,0.28535338131443844,700.0,-0.15027988383021337,2817.0,3.4627330461832337
HARTA,5168,2020-05-13,31334.32657991848,7474.943052392011,-993.0875576036584,65.41613064701144,427.99729568168283,-1.1173184357541888,1.1682242990654235,0.22146456588018185,3536.0,1.1183042520608493,5486.0,4.442780971050542
HARTA,5168,2020-05-12,-1372.1084710804557,1944.5178335534706,-2223.5294117647295,-2.8705198139758488,206.1298613112708,-1.055408970976257,0.8010680907877044,0.1321179104656177,962.0,1.3413556073772763,10100.0,3.1465466946331557
HARTA,5168,2020-05-08,2392.1973132043613,1384.4086021505364,-2115.561569688737,4.994148879341046,160.5774205318832,-0.5412719891745632,0.6906077348066253,0.13056770273404475,500.0,1.5534924924782059,3188.0,3.003023252440778
HARTA,5168,2020-05-06,-2510.731545138437,91.70124481327768,-582.0936639118281,-5.252576454264513,38.87574380437775,-0.2743484224965731,0.4149377593360981,0.06606709398353873,2950.0,1.5873734289124946,2303.0,6.08604213109086
HARTA,5168,2020-05-05,-516.9136531941415,377.7027027026678,-236.06998654104402,-1.0951560449028421,30.050658219897628,-0.40322580645161255,0.40540540540539016,0.07117269246189963,1316.0,0.9698549869995406,1891.0,2.389089699608825
KOSSAN,7153,2020-06-15,10327.834720712122,17582.300884955668,-1494.044665012421,21.834745709750788,825.1844299823939,-1.7565872020075202,3.539823008849541,0.292649139342071,300.0,-0.3607863533903165,5454.0,3.0816702898720716
KOSSAN,7153,2020-06-12,2488.3496790738086,465.9817351598204,-127.50556792872825,5.216665993865427,42.15135782765975,-0.551876379690952,1.4840182648401923,0.1481148564265512,740.0,0.9559141108510975,4609.0,3.3955403677098714
KOSSAN,7153,2020-06-11,39171.11917132376,40057.713651498394,-1547.290116896912,82.63949192262396,1842.4729231559882,-2.125398512221033,4.439511653718098,0.252127164319828,1000.0,0.3130628874359845,6089.0,3.2461005719087654
KOSSAN,7153,2020-06-10,567.0002562681507,312.2112211221055,-363.7969094922756,1.186193004745085,37.20743890326432,-0.8830022075055233,0.5649717514124353,0.11357867419016834,1000.0,-0.6263718282693312,1024.0,2.2097171601282035
KOSSAN,7153,2020-06-09,4018.5402101798927,3016.3934426230153,-1198.2851018220756,8.389436764467417,169.501192536449,-1.0718113612004254,0.7583965330444142,0.1030370790567138,1000.0,-2.770018248335107,10086.0,3.9212558821816694
KOSSAN,7153,2020-06-05,746.1809879859162,193.2659932659924,-303.9823008849486,1.5577891189685098,34.46214035615555,-0.444938820912133,0.3370786516853963,0.08003286656434298,1500.0,0.21789807367480843,4743.0,2.778498623292861
KOSSAN,7153,2020-06-04,3631.34346826962,2710.4829210836006,-2471.6874292185635,7.581092835635951,196.23859506582613,-2.132701421800942,2.1897810218977964,0.23725695666349866,1000.0,1.4848140311992313,1614.0,3.116651167386489
KOSSAN,7153,2020-06-03,-2995.7679391590345,3154.662840746051,-6734.899328859063,-6.254212816615938,473.56567801850485,-6.040268456375841,3.299856527977041,0.45468336035488954,1123.0,0.08552570336639696,1516.0,3.6261027621470943
KOSSAN,7153,2020-06-02,4150.004865009733,1131.0502283105434,-2029.761904761905,8.663893246366875,140.9210180066782,-2.9761904761904767,2.3142509135200884,0.2859041825281938,1520.0,-0.12576557356665055,1653.0,4.131274491950277
KOSSAN,7153,2020-06-01,3751.360894973064,1464.0264026402817,-216.94915254236662,7.848035345131933,89.01588695328368,-0.43859649122806044,1.0215664018161208,0.1297185485972863,2049.0,2.10678175472937,1774.0,2.6874591901587825
KOSSAN,7153,2020-05-29,-42695.2101735971,773.1843575419371,-46226.66666666681,-89.13405046679979,2113.4351002740027,-3.3333333333333437,0.5753739930955293,0.19235233464832305,5001.0,1.6366078382713567,10313.0,5.248997412142206
KOSSAN,7153,2020-05-28,134.40757759481892,363.325740318924,-590.182648401825,0.281187400825981,59.668775170637105,-1.1415525114155223,0.691244239631339,0.13525565478974985,300.0,0.727920267416841,1165.0,3.680969635327101
KOSSAN,7153,2020-05-27,2248.4483364635407,1666.8151447661173,-1387.4720357941699,4.694046631447893,122.7243549646245,-0.4499437570303799,1.0273972602739656,0.11574574100748637,978.0,1.3933964980947653,3405.0,3.9082502755002317
KOSSAN,7153,2020-05-22,2094.75426224223,1217.9640718562744,-1502.158273381303,4.373182175871044,157.88275610079097,-0.959232613908878,1.197604790419149,0.1746240732682712,242.0,1.332212349029326,1757.0,3.333597641408058
KOSSAN,7153,2020-05-21,7094.336012288495,2812.265331664488,-657.5406032482481,14.84170713867886,169.18736436721642,-0.6289308176100628,1.0126582278481067,0.1682502378386075,500.0,0.10758785560887704,3920.0,2.5518938846093904
KOSSAN,7153,2020-05-20,3861.719631462697,1160.6860158311022,-143.68421052631018,8.062045159629848,92.95737122797992,-0.7792207792207906,0.7853403141361293,0.10150270329398837,1017.0,2.6182863414028894,8428.0,2.3319019154313723
KOSSAN,7153,2020-05-19,2960.2077245835744,1130.2263648468784,-664.3835616438329,6.218923791141963,98.65349310059786,-1.388888888888895,1.2328767123287676,0.2116345914731962,300.0,0.60146198905872,1185.0,4.122423306890523
KOSSAN,7153,2020-05-18,1767.9581865652306,454.0106951871676,-201.74496644295496,3.6909356713261596,48.78021655280582,-0.7936507936507908,0.8021390374331583,0.12616232558063553,604.0,0.9672304696864658,4328.0,6.385717378302095
KOSSAN,7153,2020-05-15,-1552.5016577058707,430.62827225130843,-737.8690629011518,-3.2411308094068283,59.758731065995775,-0.8883248730964466,1.025641025641022,0.12441941272220258,690.0,0.8973265824128457,2388.0,2.5229449688954264
KOSSAN,7153,2020-05-14,7725.653574715643,2689.903181189479,-1971.5394566623595,16.128713099615123,279.74940823844895,-1.4844804318488558,2.3513139695712226,0.28919897072484363,1682.0,0.708629306923833,3987.0,2.729804999960494
KOSSAN,7153,2020-05-13,-559.5135677397084,940.3762662807572,-4264.14565826329,-1.168086780249913,265.7802673448091,-1.8207282913165201,1.5151515151515138,0.2685454015119957,700.0,1.4433394546879361,1831.0,4.618275615980474
KOSSAN,7153,2020-05-12,4655.133632254943,1695.3599999999897,-882.8250401284288,9.718441820991531,151.02273390952953,-0.8025682182985716,0.9771986970684043,0.16236348195440653,1095.0,1.2893103390174643,3030.0,2.0932089530016307
KOSSAN,7153,2020-05-08,1875.7286456457118,1998.641765704603,-350.25553662692823,3.9159261913271646,105.96645623534769,-0.5025125628140614,1.018675721561979,0.12635007004895746,518.0,0.9236220593894963,5873.0,4.316840182337355
KOSSAN,7153,2020-05-06,918.7532708777542,1047.0796460177073,-665.4929577464779,1.9342174123742193,85.12232029347554,-0.7042253521126751,0.707964601769917,0.10550028890141604,1000.0,1.9337991917007995,1800.0,3.2578524457904727
KOSSAN,7153,2020-05-05,-299.95902052617237,210.4882459312758,-110.66907775768789,-0.6355063994198568,14.84704418864016,-0.3616636528029016,0.36231884057971175,0.06913400769924978,300.0,2.634087259707063,9462.0,8.991807829107515
KOTRA,0002,2020-06-15,18.60454050829766,48.813559322033925,-16.722408026756398,0.04009599247477944,2.6715935235875925,-1.6393442622950727,1.3559322033898313,0.14455029642924544,30.0,0.9277922077922077,100.0,14.091645021645022
KOTRA,0002,2020-06-12,82.66666666666652,82.66666666666652,0.0,0.1808898614150252,3.8669835630598928,0.0,2.6666666666666616,0.12474140525999657,50.0,2.2023809523809526,30.0,2.6309523809523805
KOTRA,0002,2020-06-11,-221.16598507124036,5.940594059406212,-106.93069306930583,-0.5866471752552794,7.659022542475007,-3.205128205128205,1.333333333333342,0.2188753137423069,58.0,0.3323703366478415,100.0,1.6031418960877424
KOTRA,0002,2020-06-10,339.92768070601267,237.01298701298913,-3.8961038961039307,0.8210813543623494,12.606181736343775,-0.9740259740259827,0.6557377049180246,0.07492717030623787,201.0,2.3052744515088293,295.0,7.983609494992676
KOTRA,0002,2020-06-09,30.785204405542217,55.19480519480568,-41.55844155844157,0.07012575035431029,3.905128659352526,-1.2987012987012991,1.3157894736842035,0.09361121452031061,100.0,4.799501508592417,200.0,7.519305766383689
KOTRA,0002,2020-06-05,-15.335798590150574,185.43046357615833,-193.5483870967758,-0.03608423197682488,13.622851523649821,-1.6393442622950727,2.6490066225165476,0.169115157348797,30.0,-0.5573770491803279,74.0,7.775045537340619
KOTRA,0002,2020-06-04,57.10789190982353,101.69491525423702,-31.746031746031633,0.1650517107220333,5.82933412359087,-4.8387096774193505,5.084745762711851,0.3985605051215518,50.0,2.010204081632653,100.0,11.10544217687075
KOTRA,0002,2020-06-03,-452.3799466685279,285.8156028368795,-364.58333333333206,-1.0075277208653184,22.82910168238239,-2.430555555555547,9.219858156028371,0.4990429413863246,200.0,-1.858888699020278,127.0,5.295615933773829
KOTRA,0002,2020-06-02,25.279703841783636,156.25,-66.66666666666636,0.05288640971084443,8.434112410767755,-3.0303030303030165,3.124999999999978,0.2309263581906615,200.0,5.438656462585034,200.0,13.717811791383221
KOTRA,0002,2020-06-01,561.8918646493255,221.08626198083354,-129.03225806451647,1.1755059929902207,18.95577596006545,-1.5151515151515138,1.538461538461533,0.22967093504929778,307.0,5.668708629805569,383.0,5.815841230764701
KOTRA,0002,2020-05-29,17.648582767116068,250.83612040133485,-201.5772870662448,0.037550176100246954,19.53406014495926,-1.6949152542372947,2.006688963210679,0.26203353196352525,200.0,-0.13052388225249373,500.0,8.596907864485003
KOTRA,0002,2020-05-28,1103.2318808439359,298.21428571428834,-164.64285714285143,2.3080164871212046,22.188370263445652,-1.4134275618374548,2.517985611510798,0.23437923074573408,100.0,3.2200458500276747,545.0,12.65088531071264
KOTRA,0002,2020-05-27,688.3039005200843,627.2727272727257,-195.04132231404893,1.4369601263467313,30.99533543800329,-2.0408163265306256,3.8961038961038863,0.2356644764276878,59.0,3.580825904191321,411.0,9.921059728153987
KOTRA,0002,2020-05-22,-890.4717760969595,82.66666666666652,-347.8991596638658,-2.2716116737167336,27.38171508938846,-5.857740585774063,5.777777777777771,0.5444110646574184,30.0,-0.14801864801864806,102.0,13.702709790209791
KOTRA,0002,2020-05-21,-125.92445478132434,51.06382978723411,-102.96610169491228,-0.2651041153291039,6.1463192000607245,-1.2605042016806678,1.7021276595744705,0.13008348574168108,83.0,-0.3790123456790124,209.0,10.791975308641977
KOTRA,0002,2020-05-20,2118.645659073491,1178.5714285714243,-14.957264957264515,5.129892636981818,66.00038050802648,-2.1276595744680993,2.678571428571419,0.2801805979099038,85.0,0.5026041666666666,510.0,17.85010704497797
KOTRA,0002,2020-05-19,133.9095486603108,238.09523809523725,-102.27272727272751,0.2943067003523314,12.176350987165343,-4.090909090909101,3.7735849056603765,0.30594143198232,40.0,2.657017543859649,288.0,12.400438596491226
KOTRA,0002,2020-05-18,-300.37703335985265,27.64976958525334,-336.81818181818534,-0.7701975214355196,17.177383871105857,-1.363636363636378,0.9216589861751112,0.11050933121179046,500.0,16.85920526014866,268.0,11.931503716409377
KOTRA,0002,2020-05-15,17.888898601653903,23.255813953488857,-13.63636363636389,0.043105779763021455,1.4964816662070888,-1.3761467889908396,0.46511627906977715,0.0842151547138574,50.0,-0.07069892473118274,268.0,8.255107526881721
KOTRA,0002,2020-05-14,-139.11407397385605,171.42857142857082,-144.23076923076954,-0.3548828417700409,13.463912836993973,-3.703703703703709,5.882352941176472,0.4481386149356127,100.0,2.9743589743589745,100.0,15.511538461538462
KOTRA,0002,2020-05-13,182.85210249910207,141.50943396226356,-59.633027522936146,0.3957837716430781,10.649615423178941,-1.3333333333333197,2.3255813953488413,0.20539419301848633,100.0,1.7992205215419501,301.0,9.148337112622826
KOTRA,0002,2020-05-12,-4.830917874396046,0.0,-4.830917874396046,-0.015943623347841735,0.2775289804934374,-0.48309178743960457,0.0,0.02775289804934374,100.0,0.3160714285714284,234.0,21.67142857142857
KOTRA,0002,2020-05-08,163.76862526919632,174.75728155339797,-24.15458937198023,0.44381741265364855,9.396352311913114,-0.4878048780487698,1.9417475728155331,0.138352464350782,100.0,3.869565217391304,84.0,5.144927536231884
KOTRA,0002,2020-05-06,0.0,0.0,0.0,0.0,0.0,0.0,0.0,0.0,20.0,2.2222222222222223,88.0,7.555555555555555
KOTRA,0002,2020-05-05,-3.8052025484778333,43.13725490196063,-96.15384615384637,-0.027180018203413096,9.521401387358438,-1.9230769230769273,1.9607843137254832,0.27042622111911385,40.0,3.8461538461538463,82.0,17.96794871794872
AHEALTH,7090,2020-06-15,-466.66438310521283,25.342465753424758,-135.59322033898314,-0.9824513328530796,9.197307401677149,-2.0408163265306145,1.6778523489932917,0.24627846357879166,80.0,0.4166182326577658,392.0,3.0898368645987127
AHEALTH,7090,2020-06-12,102.45842835209825,119.0635451505016,-67.79661016949157,0.21892826570961166,7.292765370417022,-1.6949152542372947,2.7874564459930307,0.1991529800656732,117.0,1.5334811517972335,374.0,3.555564718108899
AHEALTH,7090,2020-06-11,-22.06578178056381,63.15789473683964,-64.28571428571486,-0.04655228223747639,7.092333560133159,-0.9900990099009799,0.6644518272425293,0.1287433727196975,100.0,2.7111630164027134,355.0,4.815227563523336
AHEALTH,7090,2020-06-10,434.0594428701241,121.8855218855173,-64.66666666666708,0.9603085019250532,12.194477265408757,-0.666666666666671,0.6756756756756799,0.10842947284734418,384.0,6.220019625320903,1261.0,5.449148125983464
AHEALTH,7090,2020-06-09,646.2670571902439,385.86206896552216,-27.491408934708694,1.375036291894136,19.36826958013843,-1.3651877133105783,1.0344827586207028,0.10303412452192004,702.0,2.810598171031636,386.0,8.562045693886725
AHEALTH,7090,2020-06-05,-16.507886153797315,35.460992907800915,-21.052631578947434,-0.03475344453431014,2.3569188760921396,-1.0526315789473717,0.7092198581560183,0.07726449699985419,200.0,2.193041093041093,525.0,13.330185705185706
AHEALTH,7090,2020-06-04,-207.53760569202143,41.958041958042536,-130.55555555555614,-0.4541304282101125,8.41728779672159,-2.758620689655178,2.8368794326241176,0.23489663189629212,70.0,4.5659191583610195,200.0,10.122397563676634
AHEALTH,7090,2020-06-03,-138.68737165573222,17.4216027874563,-139.3728222996522,-0.3081941592349605,6.961897802008602,-1.7421602787456525,1.4184397163120588,0.13383568975745777,330.0,7.348736037624925,360.0,7.449882422104643
AHEALTH,7090,2020-06-02,752.5762811744313,372.2222222222209,-67.79661016949179,1.6012261301583646,21.191559965167407,-1.6949152542372947,1.388888888888884,0.1629257692988384,330.0,4.55509527376274,426.0,9.220189421089781
AHEALTH,7090,2020-06-01,317.7282827707511,68.72852233676952,-40.4761904761892,0.6703128328496859,8.493403700169884,-1.0344827586206806,1.0600706713780772,0.17390134500589655,204.0,2.214399869481621,709.0,5.472340801924938
AHEALTH,7090,2020-05-29,-2806.534109735916,160.431654676258,-1938.5964912280763,-5.958671145936127,93.71025560633971,-1.7543859649122862,1.0714285714285898,0.1956841423441897,200.0,3.885303434971326,160.0,6.5408537301179095
AHEALTH,7090,2020-05-28,-765.5534772978468,170.81850533807773,-406.8027210884358,-1.6049339146705384,25.00086077394966,-1.3605442176870763,0.7142857142857117,0.15443510744621672,100.0,7.661575587581781,356.0,5.180354595524874
AHEALTH,7090,2020-05-27,593.8760810293362,126.35379061372021,-59.139784946237114,1.2529031245344646,11.410233243206678,-1.0752688172043112,1.454545454545464,0.15403731308763008,200.0,7.704268604076227,366.0,7.546708465556336
AHEALTH,7090,2020-05-22,-668.6206536452729,69.09090909090953,-89.5104895104879,-1.3958677529128871,10.746969429975755,-0.7168458781361964,1.0869565217391353,0.13982957200174292,100.0,-0.6583426267073369,697.0,9.95005585209535
AHEALTH,7090,2020-05-21,-104.50784053004143,61.224489795920434,-81.69491525423868,-0.22094680873158865,7.780202015032558,-0.6849315068493178,0.6896551724137945,0.10165963556271843,200.0,2.9510228580372466,270.0,5.959855612013885
AHEALTH,7090,2020-05-20,-115.54679262121402,43.0555555555554,-143.9446366782006,-0.2458442396196043,8.842314760245003,-1.038062283737029,1.0489510489510634,0.1322390276626351,100.0,4.743702150472983,558.0,12.06626575584909
AHEALTH,7090,2020-05-19,784.3386590131834,275.95818815331074,-119.45392491467643,1.6374502275849339,20.470753145662247,-2.3890784982935287,2.0905923344947785,0.2436789682311802,200.0,1.3439703244318275,427.0,4.1869861010369265
AHEALTH,7090,2020-05-18,1198.222125175199,567.4074074074082,-114.28571428571475,2.5278947788506305,30.89042202344733,-1.465201465201471,1.4814814814814836,0.20420327972998709,100.0,3.868422893945849,730.0,4.822573865996895
AHEALTH,7090,2020-05-15,154.73365942393463,210.07751937984534,-337.02290076336425,0.3250707130754929,20.32693540285178,-0.7633587786259555,1.9230769230769162,0.19613319845230331,500.0,1.3981054865348856,1070.0,7.795784889124419
AHEALTH,7090,2020-05-14,425.6420622589003,389.6414342629479,-260.8695652173898,0.9075523715541585,27.112030994158395,-0.7905138339920903,0.7968127490039834,0.11245154605776794,300.0,3.873063447913357,431.0,11.861595341310986
AHEALTH,7090,2020-05-13,779.4927302513397,447.5409836065599,-280.97165991902716,1.6273334660779535,29.74661445667667,-0.8196721311475419,1.2295081967213184,0.1965767666816084,75.0,0.44545190835469456,814.0,15.723613283828863
AHEALTH,7090,2020-05-12,-21.774284740466726,12.98701298701288,-25.86206896551646,-0.04584059945361416,1.976036338899687,-0.4310344827586077,0.43290043290042934,0.05944510675939234,50.0,2.9958450046685345,268.0,7.352470731882497
AHEALTH,7090,2020-05-08,106.50513548229348,105.72687224669508,-39.13043478260847,0.2266066712389223,5.522800145271854,-1.304347826086949,1.3215859030836885,0.11784269750504986,50.0,3.5581871345029232,183.0,6.211031366294524
AHEALTH,7090,2020-05-06,-83.45909876055107,21.834061135370675,-104.80349344978191,-0.1753342410935947,5.0624767926217915,-0.8733624454148492,1.3333333333333197,0.10089739611962542,180.0,5.0777777777777775,187.0,11.493567251461988
AHEALTH,7090,2020-05-05,32.831827381613046,17.85714285714235,-21.834061135371783,0.07091107425834352,1.749580659391442,-0.8810572687224627,0.8888888888888946,0.08483316092889642,100.0,3.433333333333333,100.0,9.704814814814814
SUPERMX,7106,2020-06-15,-53363.233329785755,4453.52941176469,-19240.440165061853,-111.405497556964,1233.5856578348175,-2.4759284731774356,1.4598540145985384,0.33029758832896067,1300.0,-0.5599497946641051,3036.0,7.93388696950133
SUPERMX,7106,2020-06-12,-4014.2045107857966,9757.548387096813,-10136.548223350226,-8.380385199970348,962.7049528473319,-2.4111675126903487,2.6490066225165476,0.34287164998004793,1450.0,0.19980556942986094,3022.0,8.934876051590775
SUPERMX,7106,2020-06-11,133859.13104826616,179403.96158463397,-9772.355769230784,279.4553884097415,8238.696869059122,-1.7977528089887618,8.043217286914771,0.4547962089808933,1500.0,2.3643922450662616,4055.0,7.696453576037613
SUPERMX,7106,2020-06-10,3107.825389882996,3739.99999999999,-2497.0273483947662,6.488153214787048,369.8194988682485,-1.6110471806674243,1.2865497076023358,0.21177944959350967,500.0,0.007753917347814078,1733.0,5.538163681648584
SUPERMX,7106,2020-06-09,-15270.364446365202,2644.082519001019,-5789.345172031038,-31.879675253372028,453.5293926063484,-1.220865704772467,1.1235955056179803,0.21345611396430195,1000.0,-0.02730389698559625,2473.0,4.178606108610465
SUPERMX,7106,2020-06-05,30095.32644766237,19415.458937198153,-7184.447004608251,62.829491540004945,1294.1746829315275,-1.497695852534553,2.4154589371980784,0.33370699936871506,2869.0,1.2355498730212113,4493.0,5.924992512721278
SUPERMX,7106,2020-06-04,54243.479345807296,5804.648241205927,-3397.727272727286,113.24317191191503,655.5484273638658,-1.7379679144385096,2.0408163265306145,0.2655071434227753,1006.0,-0.36634529433308655,7602.0,5.733004314333788
SUPERMX,7106,2020-06-03,36611.49405450431,68622.47191011252,-27373.967684021507,76.43318174218018,5038.648409645559,-4.761904761904756,6.741573033707882,0.7937691442336885,2000.0,1.2285467229489309,5406.0,8.061361031148326
SUPERMX,7106,2020-06-02,36701.162230354734,26859.000000000025,-3677.6923076922944,76.62038043915393,1309.5134447124021,-0.9009009009008917,7.000000000000006,0.39445192919528643,1000.0,0.10141214235723252,3827.0,9.130133973153326
SUPERMX,7106,2020-06-01,75.40498116078015,7463.704630788239,-4884.410646387827,0.1574216725694784,666.2682661020727,-1.1406844106463865,0.898587933247752,0.1904578451725102,5000.0,0.21632932109875636,10355.0,8.664704090865886
SUPERMX,7106,2020-05-29,20007.84005146983,9718.875502008072,-12068.897637795322,41.77002098427939,916.4714906041764,-3.508771929824561,2.677376171352086,0.26741578722760223,2000.0,1.3145392738272237,36068.0,9.689669201594734
SUPERMX,7106,2020-05-28,-7057.31102142952,11231.424766977461,-11824.489795918316,-14.702731294644833,1543.9393572814736,-2.0408163265306034,2.3622047244094446,0.3365390883513259,2000.0,2.2042582328438574,24341.0,6.623064436404205
SUPERMX,7106,2020-05-27,36021.07233245876,4714.413075780072,-3166.7731629392283,75.20056854375524,649.0764800766053,-0.6106870229007688,1.1887072808320909,0.198419489048474,2000.0,4.187631845850504,8267.0,5.559129021086912
SUPERMX,7106,2020-05-22,4158.546557389185,6894.599303135919,-8212.048192771048,8.681725589539008,786.9677315627948,-1.4732965009208066,0.9451795841209698,0.24467789126174147,2046.0,2.3607387104187056,6232.0,11.273782346708725
SUPERMX,7106,2020-05-21,12147.021409358753,7046.654275093029,-10788.311688311662,25.35912611557151,872.2657850194985,-1.6697588126159513,1.1428571428571344,0.23227051188193137,3016.0,3.178084793881228,9219.0,10.484436097741533
SUPERMX,7106,2020-05-20,-2322.6052634206862,3812.837837837736,-8866.37168141572,-4.848862762882435,578.8226736923847,-0.91324200913242,0.917431192660545,0.20820568777346724,1000.0,2.697485735594942,8039.0,12.002452859849608
SUPERMX,7106,2020-05-19,-16351.869322470367,12510.776942355813,-13182.758620689596,-34.13751424315317,1323.7437706399223,-3.44827586206895,2.7568922305764243,0.37200661761900894,1000.0,0.6926561755658913,9097.0,8.920709321772172
SUPERMX,7106,2020-05-18,35172.26522223797,7797.080291970675,-3589.92805755399,73.42852864767843,687.3345073281739,-0.7334963325183463,0.9828009828009909,0.19897018762073732,2286.0,2.078941038834031,5757.0,14.81226353466321
SUPERMX,7106,2020-05-15,-10210.858522000575,6063.239074550189,-6302.985074626697,-21.317032405011638,586.1302271527795,-1.269035532994922,2.0565552699228773,0.2053836367320032,3000.0,1.3839361216470494,4000.0,8.48453434600117
SUPERMX,7106,2020-05-14,41412.570820814915,7829.479768786069,-4595.174262734549,86.45630651527122,979.2788603607047,-2.011494252873558,2.023121387283222,0.36726901365041886,2500.0,0.595312929450977,5507.0,12.203448975767964
SUPERMX,7106,2020-05-13,2785.013697139446,9963.692307692292,-27794.117647058774,5.81422483745187,1870.6135359430139,-5.88235294117646,4.307692307692301,0.5486361098304708,3000.0,-0.678198599870899,3914.0,9.440331198985668
SUPERMX,7106,2020-05-12,42640.849937469044,8553.25443786982,-3001.7857142857038,88.83510403639384,697.9440262702185,-1.4204545454545414,2.071005917159763,0.276395010519232,3000.0,1.658078353976315,3484.0,12.080822166027462
SUPERMX,7106,2020-05-08,-8691.867212762845,3008.080808080794,-3421.283783783693,-18.183822620842772,338.2651547833954,-0.6825938566552892,0.6872852233676952,0.17701815771935722,2333.0,4.920399853240678,10128.0,19.208995323632195
SUPERMX,7106,2020-05-06,22361.586255326936,9499.641577061022,-1708.4249084248506,46.68389614890801,527.748500347714,-0.7246376811594013,1.1070110701107083,0.20309027803520116,4000.0,4.3898780523682515,12237.0,14.409280139678176
SUPERMX,7106,2020-05-05,6068.531396711378,2793.9393939393094,-1858.646616541422,12.669167842821249,229.8631564231927,-0.7751937984496138,0.7692307692307665,0.18928346069012517,2000.0,13.048848861645975,7039.0,16.148959056412163
KPJ,5878,2020-06-15,-1567.3312048547557,1114.9700598802276,-1952.9761904761835,-3.3347472443718207,124.20791157054136,-0.5988023952095856,0.6024096385542244,0.16689268610687416,4000.0,20.122091523123288,3522.0,19.472965250003153
KPJ,5878,2020-06-12,-21934.263509562377,2781.0650887574106,-5927.485380116958,-46.66864576502633,420.4797108430245,-1.17647058823529,1.1627906976744207,0.25649668451338636,5000.0,12.105689388779423,21439.0,48.55863708585594
KPJ,5878,2020-06-11,-729.2642694880337,1980.89887640446,-1940.782122905045,-1.528855910876381,134.01848356280684,-1.1173184357541888,0.5649717514124353,0.13814616718867054,1000.0,11.228152339591638,6422.0,16.71114763046503
KPJ,5878,2020-06-10,699.7533531556332,895.5307262569912,-890.0552486187822,1.4888369216077304,70.68927390328425,-0.5555555555555536,0.5586592178770999,0.142906674361772,1385.0,9.990995425408528,2608.0,14.314460509924793
KPJ,5878,2020-06-09,-773.8450603756611,261.6666666666657,-319.4444444444433,-1.6464788518631086,26.405739563690215,-0.5555555555555536,0.5586592178770999,0.15356958657753692,1000.0,5.79925545630533,2000.0,11.546911993340705
KPJ,5878,2020-06-05,2381.7101468390833,837.4301675977728,-439.66480446927767,5.223048567629569,61.25173427587682,-0.5586592178770999,0.561797752808979,0.1700307711834749,2000.0,14.290605487946914,2015.0,11.82657861921471
KPJ,5878,2020-06-04,6436.0276325836785,4036.7231638418502,-1280.8988764044975,13.693675814007827,228.15987106044042,-0.5617977528089901,1.1299435028248705,0.16835697446934234,2121.0,20.988067153182055,12372.0,31.07652548734616
KPJ,5878,2020-06-03,2635.995709368542,1276.9662921348092,-623.4636871508435,5.60850150929477,92.9586998701478,-0.5617977528089901,0.5649717514124353,0.15766693674423254,1000.0,10.406466563904809,10420.0,30.158686024572532
KPJ,5878,2020-06-02,-1929.557934733435,841.3407821229125,-891.6666666666634,-4.09672597607948,84.23311608010931,-0.5586592178770999,1.1173184357541999,0.1601540024848228,3000.0,28.623097238173713,5351.0,30.46789963642975
KPJ,5878,2020-06-01,-3791.509049467523,1107.7777777777737,-1803.278688524592,-8.049913056194315,169.59387924268916,-1.104972375690605,0.561797752808979,0.1903262038072536,1100.0,26.292026188738298,13941.0,23.60647584327472
KPJ,5878,2020-05-29,-148.2306761194655,1240.9090909090776,-1313.559322033912,-0.31075613442235955,107.6168538973466,-0.5649717514124353,1.1363636363636465,0.1680555876326242,1058.0,24.858290850039737,8045.0,29.323215164437777
KPJ,5878,2020-05-28,3015.2469366791256,2782.857142857122,-1547.7272727272864,6.38823503533713,170.38910557346742,-0.5681818181818232,1.1428571428571344,0.19293718638797014,5000.0,22.316193182549007,5453.0,45.49656207547873
KPJ,5878,2020-05-27,3564.2925909582636,3152.272727272755,-401.12994350282906,7.456679060582141,151.58367439496416,-0.5714285714285672,1.1363636363636465,0.14463789831285334,5000.0,65.0550261961079,2691.0,36.13765869609283
KPJ,5878,2020-05-22,9910.201410277969,4769.714285714343,-1353.1073446327825,20.907597911978836,323.0565768071214,-0.5714285714285672,0.5747126436781658,0.11961493626546137,2794.0,-0.8160456531556395,8652.0,83.75423777372191
KPJ,5878,2020-05-21,133.13519780039934,87.00564971751503,-67.03910614525199,0.283266378298722,7.393017807190755,-0.5617977528089901,0.5649717514124353,0.12156350070984523,1643.0,6.0822016369636644,5237.0,39.45538397199492
KPJ,5878,2020-05-20,2179.5435790008496,1440.67796610171,-70.22471910112377,4.578873065127835,73.36299815476211,-0.5617977528089901,0.5649717514124353,0.10339985752936141,1000.0,14.77906405843153,9054.0,51.10116429862835
KPJ,5878,2020-05-19,-861.0231528770809,180.7909604519793,-1012.3595505618002,-1.8013036671068636,50.59292868894048,-1.1235955056179803,0.5681818181818121,0.1289874355859943,3232.0,30.724538735481346,11969.0,27.532742120187212
KPJ,5878,2020-05-18,-373.9287033350146,112.99435028248706,-414.12429378531505,-0.7955929858191799,24.34814088079913,-0.5649717514124353,0.5681818181818121,0.12246057768199846,1000.0,14.941444484059941,6993.0,8.411854216077922
KPJ,5878,2020-05-15,-488.8128989654524,409.7142857142906,-652.8409090909149,-1.0356205486556196,40.00434372174028,-1.1299435028248594,1.1428571428571344,0.19552379682103324,2832.0,13.814087400341672,5726.0,23.531877681864042
KPJ,5878,2020-05-14,1386.1903637913786,631.428571428579,-383.05084745762736,2.9493411995561245,43.3057248162972,-1.1299435028248594,0.5714285714285783,0.18350907521648133,1000.0,6.733625739117107,1462.0,18.571161830687373
KPJ,5878,2020-05-13,3283.8623571270514,2586.363636363659,-915.8192090395576,6.986941185376705,144.35934471967408,-0.5649717514124353,1.1363636363636465,0.18285668166760172,2000.0,7.23052006888621,8227.0,7.502694624697426
KPJ,5878,2020-05-12,-10556.76009486879,1053.6723163841918,-12700.571428571457,-22.413503386133314,590.9466616939186,-1.6759776536312887,1.1494252873563315,0.2266850427673606,855.0,8.672268081557046,3141.0,23.434280698499915
KPJ,5878,2020-05-08,734.8383313506239,1164.9717514124416,-657.8651685393274,1.5634858113843062,64.7287398509556,-0.5714285714285672,0.5714285714285783,0.12569903335195287,5000.0,34.803175701174105,2067.0,18.509245575556193
KPJ,5878,2020-05-06,-281.28641132878545,372.00000000000443,-580.6818181818234,-0.5984817262314585,33.19628516923805,-0.5714285714285672,0.5714285714285783,0.12596359277813604,5000.0,9.74736356650543,841.0,7.818655086546239
KPJ,5878,2020-05-05,-258.060250737656,332.9545454545419,-577.9661016949212,-0.5490643632716086,36.65230118542033,-0.5681818181818232,1.1428571428571344,0.14145092371642495,700.0,14.680367845841982,28409.0,33.19517715056399
DPHARMA,7148,2020-06-15,-662.7714865906257,166.87500000000236,-458.8957055214614,-1.4131588200226561,30.041844610853875,-1.2121212121212088,0.6250000000000089,0.1588466630115483,500.0,10.825975706640751,451.0,13.794696905439837
DPHARMA,7148,2020-06-12,-1006.4231241464986,123.45679012345289,-1144.242424242421,-2.1054877074194533,54.4236035824309,-1.2121212121212088,0.6289308176100628,0.14674312189761884,650.0,5.885680062166674,5000.0,35.61507854372077
DPHARMA,7148,2020-06-11,1505.9009798137572,1053.33333333334,-730.9523809523783,3.1904681775715193,65.56488068396231,-0.6024096385542133,1.21212121212122,0.20309440998006975,500.0,5.13641027529286,6368.0,31.7231077376142
DPHARMA,7148,2020-06-10,282.28990127285135,193.25153374233017,-206.7073170731709,0.5955483149216273,14.524344369432779,-0.6097560975609762,0.6172839506172645,0.1084421808115832,1000.0,15.954454077668363,750.0,22.628934369723844
DPHARMA,7148,2020-06-09,1191.1010616581766,784.662576687112,-64.41717791410889,2.518184062702276,42.27005104746003,-1.2195121951219412,0.6172839506172645,0.1091852404901264,1000.0,16.946566910511457,3675.0,24.53512783729093
DPHARMA,7148,2020-06-05,-326.10336427002596,526.5432098765266,-580.4878048780492,-0.6938369452553744,47.16528220798799,-0.6134969325153228,1.2269938650306678,0.13848477885308852,500.0,6.382443642950375,653.0,8.715134903541156
DPHARMA,7148,2020-06-04,593.1129317554173,185.97560975609773,-72.7272727272732,1.2486588036956154,15.488545457915647,-0.6097560975609762,0.6211180124223503,0.1479213083050243,300.0,0.2874390533624934,1313.0,7.736373190724378
DPHARMA,7148,2020-06-03,-1542.8381220384551,1385.0931677018411,-996.2264150943394,-3.2276948159800316,97.26486209762328,-1.2578616352201255,1.273885350318471,0.22071591671764812,1000.0,4.265733086064444,1229.0,7.377214994332491
DPHARMA,7148,2020-06-02,-1135.0934083141078,273.9393939393957,-359.2814371257513,-2.40485891591972,39.06714766838263,-1.1904761904761862,1.2048192771084265,0.1820966988320576,1000.0,9.49040967478821,1470.0,17.089290585830142
DPHARMA,7148,2020-06-01,321.80284638645895,989.534883720932,-710.4046242774631,0.674639090956937,64.73095713406009,-0.5847953216374324,0.588235294117645,0.14148342688493953,1000.0,13.333987451747713,2300.0,24.543842266197746
DPHARMA,7148,2020-05-29,1602.6743799163041,2226.035502958591,-467.83625730994595,3.352875271791431,114.42531897886063,-0.591715976331364,1.183431952662728,0.17200065901253983,300.0,4.501146067542335,1587.0,12.441973981240828
DPHARMA,7148,2020-05-28,-28.329272537420792,177.5147928994092,-179.88165680473463,-0.060662253827453515,19.125282748650008,-0.591715976331364,0.5952380952380931,0.18630450860354777,437.0,3.8258112809356186,2539.0,9.561999009834496
DPHARMA,7148,2020-05-27,-1146.765270133473,118.3431952662728,-807.6023391812942,-2.4193360129398163,40.46188319642891,-0.588235294117645,0.591715976331364,0.10013078883345208,350.0,4.900752363615039,1766.0,13.569534611414
DPHARMA,7148,2020-05-22,-2883.8678193331425,596.5909090909028,-3095.375722543361,-6.0206008754345355,146.8908474431971,-1.7341040462427793,0.591715976331364,0.18799360352272854,2000.0,8.118572867757397,1058.0,12.647709388972947
DPHARMA,7148,2020-05-21,2234.002941091878,1884.883720930236,-177.58620689655322,4.673646320275895,89.5934674628965,-0.5813953488372103,1.1695906432748648,0.2025414756306567,522.0,8.736517318542258,1986.0,9.625935682087027
DPHARMA,7148,2020-05-20,849.8084401549426,666.8639053254471,-165.29411764705824,1.7741303552295251,36.0361542249269,-1.183431952662728,0.6024096385542244,0.1599441814858134,500.0,4.229887567561738,1458.0,6.217194975408933
DPHARMA,7148,2020-05-19,478.11846443695663,1107.878787878795,-544.5121951219517,1.0151135126050035,85.90646558072082,-1.1904761904761862,1.2269938650306678,0.26297315170855656,300.0,3.0381982120762774,4280.0,25.376946114801047
DPHARMA,7148,2020-05-18,1172.1152815912087,1350.5747126436895,-1327.58620689655,2.478044992793253,110.41992742683424,-1.7341040462427793,1.7543859649122862,0.23600444110968086,310.0,7.312164807332239,1030.0,11.055607826787789
DPHARMA,7148,2020-05-15,-267.2058892599881,261.0465116279074,-152.9411764705877,-0.5661141721609918,17.751619020793544,-0.591715976331364,0.5952380952380931,0.19475784918140546,200.0,2.055434824743434,3902.0,6.413648690095063
DPHARMA,7148,2020-05-14,-2533.7185576670763,546.4285714285695,-699.9999999999975,-5.3006664386340505,79.53122117728617,-1.17647058823529,1.1904761904761862,0.2579508604861079,1517.0,3.1246373478773646,1057.0,10.755233374076608
DPHARMA,7148,2020-05-13,1372.8095819719588,2255.357142857135,-824.0223463687224,2.9023458392641834,176.26409267393953,-1.1627906976744207,1.7857142857142794,0.32045010346651137,900.0,9.80727527976748,1346.0,12.185350913030913
DPHARMA,7148,2020-05-12,1108.1282438954145,594.2675159235667,-70.06369426751591,2.3527138936208374,32.66180918805417,-0.6369426751592355,1.2820512820512775,0.15779161185775858,300.0,8.338194369813841,1856.0,13.993852146815218
DPHARMA,7148,2020-05-08,144.65147544844118,162.33766233766377,-73.54838709677438,0.30198637880676654,10.326729210587319,-0.6451612903225823,0.6535947712418277,0.09370080439103169,150.0,8.465439151184949,596.0,5.827461027534557
DPHARMA,7148,2020-05-06,-34.73816506074569,48.05194805194848,-64.93506493506551,-0.07328726806064492,4.336921986517378,-0.6493506493506551,0.6493506493506551,0.0665769550575414,500.0,10.524850406257206,566.0,20.678058895009357
DPHARMA,7148,2020-05-05,-957.1600547863084,39.4736842105261,-281.69934640522774,-1.9982464609317503,19.526060910773342,-0.6535947712418277,0.6622516556291425,0.17139155176068285,341.0,8.553737218437869,662.0,11.831677732740276
TOPGLOV,7113,2020-06-15,-30148.74615910543,5623.809523809582,-10331.043256997486,-62.94101494594036,754.9453315062457,-1.3994910941475869,1.2820512820512997,0.23712192108722063,1000.0,-0.47385851323991535,4956.0,3.9853340835442053
TOPGLOV,7113,2020-06-12,25405.92015170339,10197.80927835048,-1577.7085927770454,53.039499272867204,578.3139322536936,-0.9324009324009341,2.1907216494845283,0.21297175813680924,1106.0,0.3093794538271672,7945.0,5.131223470561725
TOPGLOV,7113,2020-06-11,147689.7054943591,228290.77844311396,-30632.76836158188,308.32923902788957,10580.366529079307,-2.824858757062143,6.946107784431144,0.3988207998576954,2000.0,0.38988140700083435,8032.0,6.678915519462301
TOPGLOV,7113,2020-06-10,-599.2514965020937,1407.9812206572308,-1552.4146054181501,-1.2510469655576069,177.79934444749318,-0.8215962441314617,0.47225501770955525,0.12945571946947326,1000.0,0.7883195528762715,3619.0,5.466671354380458
TOPGLOV,7113,2020-06-09,-8415.108456455886,2259.1715976331475,-3474.5862884161133,-17.568076109511246,345.2708704708041,-0.8264462809917439,1.183431952662728,0.1717373929150899,1000.0,1.2372776597075272,4454.0,2.767344713419175
TOPGLOV,7113,2020-06-05,-8370.695965588297,5631.219512195127,-4787.257281553371,-17.475356921896235,530.7654476017406,-1.3173652694610682,1.585365853658538,0.2260339168947601,1500.0,0.04109604402931023,3000.0,5.09417374567376
TOPGLOV,7113,2020-06-04,14959.859065097096,11423.529411764664,-10090.830945558779,31.23143854926325,1150.4534724323844,-1.9886363636363535,2.35294117647058,0.33828556180778985,1000.0,0.41175221011883356,2592.0,6.519580084933246
TOPGLOV,7113,2020-06-03,24651.38956025354,26270.689655172446,-14391.304347826077,51.464278831427016,2106.1200237988373,-4.347826086956519,7.758620689655182,0.7001613973645007,1360.0,0.7099771417986068,4121.0,4.624461513205082
TOPGLOV,7113,2020-06-02,7767.718312806737,3927.6150627614943,-4749.600000000004,16.21653092443995,532.8024502697315,-1.3793103448275779,1.4569536423841178,0.2575811796661896,2000.0,0.15065500353827607,1502.0,2.861245087551098
TOPGLOV,7113,2020-06-01,4105.241746622512,5112.155388471065,-8477.186311787049,8.570442059754724,598.1466717612003,-1.6476552598225558,0.903225806451613,0.21695531710058047,5000.0,1.8522045237182223,10138.0,8.654338221227158
TOPGLOV,7113,2020-05-29,-1772.3709561104329,4050.5263157894437,-2335.1713859910133,-3.70014813384224,314.1232220861988,-1.4814814814814725,1.2030075187969835,0.14534002607060756,5000.0,2.7630573329546273,25099.0,4.788281880590438
TOPGLOV,7113,2020-05-28,-5445.930869660164,4833.990895295898,-4568.389057750775,-11.369375510772784,490.242682487722,-1.0937500000000044,1.6691957511380862,0.21828045230131032,1000.0,1.15434735198968,20000.0,5.765915826124258
TOPGLOV,7113,2020-05-27,-9313.678331479328,8190.446841294197,-8279.752704791277,-19.444004867388994,714.1616141375013,-1.7001545595053957,1.5649452269170583,0.2029441293251516,3246.0,2.592849449128377,9702.0,9.694244467571739
TOPGLOV,7113,2020-05-22,-3173.6154388458453,842.3469387755019,-2603.3222591361427,-6.695391221193766,223.3275017967113,-0.6791171477079749,0.8488964346349936,0.16268408846201154,1668.0,2.714295023170757,2556.0,4.192607756519597
TOPGLOV,7113,2020-05-21,1632.2811568154884,2969.449081802993,-3274.576271186475,3.4076850872974704,271.37274359153514,-0.8474576271186529,1.2658227848101111,0.18667134839820887,2060.0,1.0101531515952449,5313.0,4.265299003357551
TOPGLOV,7113,2020-05-20,7093.485465531793,1626.6037735848097,-577.7988614800688,14.778094719857902,139.23469922035852,-0.7561436672967825,0.7619047619047636,0.1351436258536638,1440.0,5.99979679077425,3434.0,6.731705402004467
TOPGLOV,7113,2020-05-19,6976.339853107183,4869.942196531724,-1704.9212598425488,14.564383826946104,273.92151192951144,-0.9615384615384581,0.963391136801528,0.17029189144880436,1737.0,1.0358724836267448,1751.0,4.490098569030064
TOPGLOV,7113,2020-05-18,31650.22271638443,22838.697318007617,-4022.0113851991127,66.35266816852082,1117.1476248926208,-0.7532956685499026,2.1072796934865856,0.17840727776083307,4494.0,7.296911754278074,4949.0,3.883323263234175
TOPGLOV,7113,2020-05-15,16115.121188600804,9941.520467836352,-1045.0097847358418,33.64325926638999,519.8642690821139,-1.3409961685823646,1.1695906432748648,0.20430638755855038,2287.0,1.617141545125519,4595.0,3.6358268843295907
TOPGLOV,7113,2020-05-14,-5316.422430354569,6710.236220472429,-33555.74712643651,-11.099002986126449,1654.605662733061,-1.9305019305019266,1.7616580310880758,0.26477567653132517,5000.0,9.2640812395851,11671.0,7.096633725119338
TOPGLOV,7113,2020-05-13,9237.851305509244,3699.333333333419,-6377.419354838726,19.285702099184228,496.28569495628824,-0.6681514476614803,0.6864988558352492,0.14865989920380723,2938.0,3.330686096307745,5932.0,8.173674690238148
TOPGLOV,7113,2020-05-12,15394.18258786583,5419.793014230246,-1363.2352941176423,32.13816824189109,406.99950084586857,-1.1029411764705843,2.457956015523921,0.2337399768911648,3291.0,1.6171677659549215,5015.0,3.101773559222024
TOPGLOV,7113,2020-05-08,4237.26296091187,1777.2169167804025,-1307.230559345192,8.846060461193884,140.39840882589036,-0.4184100418410108,0.8241758241758212,0.09956623442537804,729.0,2.6129318850688303,4313.0,3.453133919293474
TOPGLOV,7113,2020-05-06,-1550.1569384325344,69.54102920723182,-858.8152327221426,-3.236235779608631,42.18546495155629,-0.2812939521800395,0.28208744710860323,0.05911904239088698,500.0,1.3201925616604862,1897.0,4.947335979562404
TOPGLOV,7113,2020-05-05,134.15621319331208,152.97372060857484,-74.7922437673123,0.2806615338772219,11.18444266039018,-0.27700831024930483,0.277392510402219,0.057858887964013214,587.0,0.7237552563606515,4000.0,4.202603136155684
YSPSAH,7178,2020-06-15,-258.20001131365603,22.727272727272595,-87.49999999999969,-0.5613043724209914,5.965370364881345,-0.8928571428571397,1.3513513513513375,0.13670103424907548,100.0,2.08713577384977,100.0,9.62310199942046
YSPSAH,7178,2020-06-12,-144.2730221008272,108.108108108107,-78.26086956521794,-0.31638820636146314,8.219478294188256,-1.3333333333333197,2.702702702702675,0.18734213491519558,200.0,8.840147506814175,160.0,6.171372454705788
YSPSAH,7178,2020-06-11,-131.878352035228,21.186440677966047,-83.33333333333303,-0.3139960762743524,4.647041518993818,-0.8438818565400852,0.42735042735044804,0.08659377442555663,50.0,0.24182754182754188,336.0,15.104247104247102
YSPSAH,7178,2020-06-10,-10.808779578777274,12.552301255229992,-28.87029288702975,-0.024399050967894523,1.684629677016352,-0.4184100418410108,0.42016806722691147,0.052615443532743056,150.0,2.653858024691358,267.0,7.408333333333332
YSPSAH,7178,2020-06-09,17.624516042315534,41.84100418409997,-50.2092050209213,0.03856568061775828,4.251398397695016,-0.42016806722687816,0.8403361344537785,0.0855714212048197,100.0,6.748170731707317,165.0,10.190447154471546
YSPSAH,7178,2020-06-05,-46.606743963407375,42.016806722688926,-32.06751054852366,-0.10449942592692237,3.063056318194783,-0.8333333333333304,0.8403361344537785,0.0688297511503647,100.0,4.7559523809523805,175.0,7.9392006802721085
YSPSAH,7178,2020-06-04,-85.1860253021536,84.38818565400852,-124.48132780083054,-0.1843853361518476,9.951651682187434,-1.6597510373444035,1.6877637130801704,0.16749987923704243,100.0,5.1395202020202015,250.0,11.63781635031635
YSPSAH,7178,2020-06-03,-730.4420004520754,176.99115044247816,-423.3050847457616,-1.5810432910218082,25.78361499783583,-3.3333333333333326,2.586206896551735,0.2840843105177834,100.0,4.726229870068124,360.0,8.367532313167743
YSPSAH,7178,2020-06-02,-325.08409818887384,80.6451612903225,-80.32128514056325,-0.6916682940188805,9.12494533681915,-1.9607843137254832,1.2145748987854255,0.1930453592497712,200.0,5.543161830661832,426.0,11.365865947115948
YSPSAH,7178,2020-06-01,291.1879254768911,160.00000000000014,-108.06451612903216,0.6104568668278639,12.140939084380973,-0.8064516129032251,2.0000000000000018,0.1560819825662724,250.0,5.304618078826939,253.0,9.014326882681313
YSPSAH,7178,2020-05-29,629.8921030495441,839.6624472573825,-241.9354838709653,1.3150148289134531,44.63890201108863,-1.2096774193548265,2.1097046413502074,0.22985464006257783,500.0,2.0684981977087245,320.0,7.111902073543782
YSPSAH,7178,2020-05-28,270.2619968830034,139.73799126637587,-42.173913043476944,0.573804664295124,8.301414012995727,-0.43478260869563856,0.8733624454148492,0.08478552746110672,100.0,3.32449494949495,1050.0,6.545908060193773
YSPSAH,7178,2020-05-27,53.60476171936041,39.47368421052744,-26.086956521738315,0.11190973219073155,3.596519713194006,-0.4424778761061843,0.4444444444444251,0.08013980851811307,100.0,2.03989898989899,143.0,9.54539987503905
YSPSAH,7178,2020-05-22,-332.25717503966183,89.44954128440096,-138.86462882096103,-0.6994887895571829,10.508757862224787,-0.909090909090915,1.3574660633484337,0.17450233634941287,140.0,2.830533044647736,190.0,7.044557777428011
YSPSAH,7178,2020-05-21,302.70253251816735,91.51785714285454,-64.28571428571405,0.6468002831584773,7.435320126389897,-1.3452914798206206,1.3636363636363447,0.14556687396656828,200.0,4.430615680615681,262.0,9.154767917267918
YSPSAH,7178,2020-05-20,107.37652861269144,47.16981132075526,-18.779342723004078,0.23091726583374506,3.311078677071184,-0.46948356807510194,0.952380952380949,0.08463629787973224,50.0,4.9848639455782315,185.0,5.844387755102042
YSPSAH,7178,2020-05-19,15.796297952250214,48.8151658767789,-28.301886792453157,0.037520897748812856,2.76266539488087,-0.4716981132075526,0.4739336492891155,0.03991323387490673,100.0,2.64625850340136,100.0,11.925850340136055
YSPSAH,7178,2020-05-18,62.89767837153096,55.23809523809504,-25.714285714286223,0.1388469721225849,3.585722384253866,-0.9478672985781977,1.4423076923076872,0.10051363226302619,100.0,4.195588235294117,250.0,22.853571428571428
YSPSAH,7178,2020-05-15,17.001340318140823,26.570048309178862,-14.423076923076872,0.03703995712013251,1.4302775434491388,-0.9615384615384581,0.4854368932038833,0.05516119211531938,50.0,4.398656898656898,125.0,12.299267399267402
YSPSAH,7178,2020-05-14,-203.85076772517243,58.53658536585371,-153.5885167464099,-0.4509972737282576,9.928404801899484,-1.4354066985645786,1.4705882352941124,0.20204015822970225,100.0,3.5966291904816496,93.0,4.8421761298810475
YSPSAH,7178,2020-05-13,256.725896223644,357.14285714285586,-297.16981132075813,0.5929004531723879,26.934607766202635,-2.304147465437778,2.4630541871921263,0.2882075709527945,100.0,5.23877367711217,230.0,9.525409384026515
YSPSAH,7178,2020-05-12,-98.38176960933565,24.630541871921707,-78.43137254901933,-0.2220807440391324,4.69496134699643,-0.9803921568627416,0.4975124378109541,0.08767769745153887,100.0,4.686375661375662,800.0,20.373787477954146
YSPSAH,7178,2020-05-08,4.782020247964036,33.165829145728054,-49.50495049505066,0.013065629092797912,3.6431510942259075,-0.9852216748768461,1.0050251256281229,0.10723454988645588,70.0,10.947916666666666,318.0,13.354166666666666
YSPSAH,7178,2020-05-06,-95.89324921022268,7.462686567164312,-49.751243781093194,-0.22669798867664936,2.912585188871073,-0.9852216748768461,0.4975124378109541,0.06800303848395228,100.0,4.780318491032777,300.0,18.13997113997114
YSPSAH,7178,2020-05-05,-433.536005730388,74.99999999999952,-443.34975369457743,-1.0249078149654562,22.090612034596823,-1.477832512315258,1.4999999999999902,0.11316938077475822,100.0,7.642992424242423,100.0,5.751893939393939
TMCLIFE,0101,2020-06-15,-361.6768440012319,442.1568627450965,-291.26213592232995,-0.7598253025235965,35.62694355398189,-0.9708737864077666,0.9803921568627416,0.1412327081351771,5000.0,83.0892031646886,1170.0,41.02669240144969
TMCLIFE,0101,2020-06-12,2212.571440077142,1274.038461538457,-380.9523809523796,4.707598808674771,75.95698060660692,-0.9708737864077666,0.9803921568627416,0.14830138108814817,1000.0,33.07951904165922,1085.0,54.84404612908993
TMCLIFE,0101,2020-06-11,1754.2065810576378,1036.5384615384578,-499.99999999999824,3.732354427782208,62.93375874178201,-0.9615384615384581,0.9708737864077666,0.15963967580787333,2000.0,14.236759137327317,1158.0,20.988371704053524
TMCLIFE,0101,2020-06-10,-280.94393470606906,194.1747572815533,-190.4761904761898,-0.6015930079359081,14.749853827872187,-0.9615384615384581,1.9417475728155331,0.14127487093229082,5000.0,66.00227272727274,1308.0,72.38651515151516
TMCLIFE,0101,2020-06-09,-69.64043817817503,476.1904761904745,-285.7142857142847,-0.1469207556501583,33.52415159292948,-0.952380952380949,0.9615384615384581,0.17533975123304127,500.0,15.353359173126615,1411.0,41.22151750058727
TMCLIFE,0101,2020-06-05,-918.3319108076356,144.23076923076871,-666.6666666666642,-1.9580637757092443,35.70981079424073,-0.9615384615384581,0.9708737864077666,0.15422658757069316,1500.0,45.456380675452834,1025.0,33.0080932240726
TMCLIFE,0101,2020-06-04,-1483.7075817264476,102.88461538461502,-804.7169811320753,-3.1039907567498903,51.57087285586601,-0.952380952380949,0.9615384615384581,0.14462185724819768,1000.0,31.39809126984127,3681.0,48.2270992063492
TMCLIFE,0101,2020-06-03,-217.24376252678059,96.15384615384582,-380.9523809523796,-0.4622207713335757,19.812540817604855,-0.952380952380949,0.9615384615384581,0.11666079513784489,500.0,7.14371833839919,4000.0,72.59027355623101
TMCLIFE,0101,2020-06-02,-3543.6873003077785,108.4905660377371,-1340.1869158878505,-7.413571757966064,80.53565323066502,-0.952380952380949,0.9615384615384581,0.14939802588619167,500.0,22.342844483886058,946.0,30.491340501112727
TMCLIFE,0101,2020-06-01,1757.3271702399168,3325.9259259259406,-842.3423423423441,3.7152794296826994,194.96499463492705,-0.9433962264150941,1.9230769230769162,0.25725343689806535,1000.0,23.050382046827146,2285.0,34.89544161083514
TMCLIFE,0101,2020-05-29,2783.6394083183686,3598.0582524271827,-929.5238095238062,5.897541119318578,199.89379888568766,-0.9708737864077666,1.9417475728155331,0.24033546160662927,500.0,20.461185920060636,3758.0,55.64259835415741
TMCLIFE,0101,2020-05-28,-275.168035847645,463.10679611650465,-480.76923076922907,-0.5805232823789979,32.5629201565879,-0.9708737864077666,0.9708737864077666,0.12559336620602235,1000.0,20.324700376783706,2167.0,42.01947342780676
TMCLIFE,0101,2020-05-27,-4964.808481404756,804.8076923076894,-1549.9999999999995,-10.386628622185683,122.55807859236994,-0.952380952380949,1.9230769230769162,0.23004562702866,1000.0,7.784638785515979,1798.0,39.02900560540574
TMCLIFE,0101,2020-05-22,-2435.3372790061626,137.61467889908175,-1700.9174311926708,-5.1705674713506635,80.95631682361952,-0.92592592592593,0.9345794392523477,0.13349772316621117,5000.0,54.273462351447755,5000.0,55.08607557855678
TMCLIFE,0101,2020-05-21,-83.70832388532278,424.99999999998795,-265.48672566371056,-0.1781028167772825,27.518196949226056,-0.9009009009009028,0.9090909090909038,0.14968236819941821,500.0,9.711719504388679,1257.0,27.946448191185034
TMCLIFE,0101,2020-05-20,2788.3934476594804,1545.8715596330183,-229.357798165139,5.833459095521926,95.07774930405611,-0.9174311926605561,0.92592592592593,0.17683629932722703,2000.0,28.34959913989519,1660.0,32.288725790115315
TMCLIFE,0101,2020-05-19,-1511.8443461333452,500.00000000000324,-1363.6363636363724,-3.2866181437681417,75.07005339653615,-0.9174311926605561,1.81818181818183,0.18083143304080543,1000.0,27.356024289858773,4000.0,94.7134213505306
TMCLIFE,0101,2020-05-18,-1724.1806616577467,458.7155963302725,-1834.862385321112,-3.6222282807935855,97.40486202007867,-1.7857142857142905,1.81818181818183,0.21264888418385275,2000.0,20.450236520302308,999.0,32.54319291819292
TMCLIFE,0101,2020-05-15,-1375.6212470662076,394.4954128440343,-901.785714285711,-2.871860641056801,54.392547765653696,-0.9174311926605561,0.92592592592593,0.15506401042937967,1000.0,13.083134895709744,4339.0,62.766155717203624
TMCLIFE,0101,2020-05-14,-7420.352788292167,757.1428571428356,-2630.630630630636,-15.52375060312169,194.41203767919203,-1.8018018018018056,0.917431192660545,0.29256837271349256,1000.0,13.472365418289158,2050.0,45.30759202073779
TMCLIFE,0101,2020-05-13,-9991.037094740353,6033.333333333312,-4994.915254237308,-20.85811502033477,733.8382936924447,-1.7094017094017144,1.7543859649122862,0.3635126503304414,3000.0,24.956452259654935,5000.0,32.93986034424435
TMCLIFE,0101,2020-05-12,25357.830736950516,22915.384615384733,-5215.254237288156,52.939103834969764,1179.2764461929228,-1.6949152542372947,2.564102564102577,0.3258361110333802,1300.0,11.361218975969601,5109.0,49.25972940991041
TMCLIFE,0101,2020-05-08,-1380.7531879581998,4076.106194690272,-2003.44827586206,-2.900741991508823,246.40205847753688,-2.608695652173898,2.678571428571419,0.3790383370460853,2500.0,19.496593930333066,2187.0,49.420199240825156
TMCLIFE,0101,2020-05-06,-3467.3624019729764,785.7142857142732,-4052.6315789473297,-7.37736681270846,208.87324820513288,-2.608695652173898,1.7857142857142572,0.3120145748528833,1000.0,24.81635143291948,2296.0,33.27580414325976
TMCLIFE,0101,2020-05-05,-6357.3456056962395,422.6086956521715,-2615.2542372881458,-13.27212026241386,166.68105383965923,-1.6949152542372947,1.7543859649122862,0.2860324860969172,2000.0,9.72143499734289,2930.0,46.26790863548808
IHH,5225,2020-06-15,215.9533857044116,189.29889298891592,-118.0987202925015,0.45463870674612966,15.7818191755187,-1.6363636363636358,0.3696857670979492,0.10280669530724446,1000.0,-7.623040404402206,4864.0,6.057864538564623
IHH,5225,2020-06-12,-130.83931706995753,260.6617647058814,-219.04761904761162,-0.2783815256807607,22.774030426145835,-1.0889292196007205,0.3676470588235281,0.080350436559379,300.0,2.8633950992853,701.0,6.58964938537244
IHH,5225,2020-06-11,-2077.3151042160853,315.0183150183139,-732.6086956521622,-4.345847498360011,53.57618415936496,-1.0657193605683735,0.7155635062611854,0.1141556663590218,1000.0,2.381585097551212,915.0,6.561012418521719
IHH,5225,2020-06-10,395.1657832676545,3580.8586762073146,-2649.6428571427928,0.8267066595557625,208.92193067226452,-0.7142857142857117,0.7207207207207134,0.10460461066074488,5000.0,4.671445757812328,30048.0,5.087061181579859
IHH,5225,2020-06-09,-362.4919953325289,474.5098039215508,-374.9110320284569,-0.7712595645372956,45.607015006248346,-1.0526315789473717,1.073345259391778,0.17782192111535733,4173.0,2.0313111266717634,9352.0,9.376397563652173
IHH,5225,2020-06-05,-869.7587419123163,184.9462365591358,-698.7410071942403,-1.850550514707056,39.36219690958511,-0.8928571428571397,0.902527075812265,0.12795110518383596,500.0,-27.941976036243844,2267.0,2.751717889217132
IHH,5225,2020-06-04,958.8657811856133,1532.2580645161909,-511.44901610018223,2.04013995996939,80.74964662737524,-0.8880994671403131,1.0849909584086825,0.12511435993875425,2257.0,2.2913393318236994,13359.0,5.05612915310385
IHH,5225,2020-06-03,527.0257515567853,371.8181818181615,-336.84210526314934,1.1142193479001803,38.493308854267404,-0.8960573476702427,0.5395683453237377,0.1050865447065097,404.0,1.2718443396103076,8617.0,8.39040721471084
IHH,5225,2020-06-02,1151.0351753164964,1412.500000000035,-919.3840579710186,2.4029961906398674,79.4591149864919,-1.2477718360071388,0.7246376811594235,0.12079157347811233,936.0,4.114821368149332,3631.0,2.5410953991704592
IHH,5225,2020-06-01,-545.8969206901577,200.72202166064957,-967.383512544812,-1.2050704650996857,49.52089336278897,-1.2499999999999845,1.4440433212996373,0.18052711942219915,500.0,1.1936070022630545,768.0,2.599206252737015
IHH,5225,2020-05-29,1666.6061392510578,337.0165745856345,-187.40740740742172,3.5840992241958234,35.48470384176604,-1.2844036697247763,0.37105751391466324,0.11184227698019708,1596.0,1.8486190433076164,12163.0,0.2097828163280809
IHH,5225,2020-05-28,1601.976704956279,705.1376146789063,-454.92700729927185,3.4084610743750616,56.68257892278344,-0.5474452554744547,0.5504587155963359,0.0818662124580794,1127.0,1.202987603735112,4210.0,19.578090555411528
IHH,5225,2020-05-27,986.5360381772241,1201.2867647058056,-565.1376146788821,2.099012847185583,83.67790296115663,-0.3663003663003539,0.9293680297397744,0.10078074734096665,870.0,5.791834261515013,1759.0,6.64813880224441
IHH,5225,2020-05-22,-2723.167831880213,741.6974169741745,-1836.1623616235913,-5.793974110383432,129.05818833352117,-2.280701754385961,0.7092198581560183,0.18024862393149288,1469.0,1.212054941245035,2860.0,8.865384636368383
IHH,5225,2020-05-21,-658.5207290113212,526.7256637168018,-3023.316062176155,-1.3981331826142702,147.59186271793334,-2.640845070422526,2.7124773960216952,0.2795761297344946,1629.0,5.179642855763572,1630.0,11.111693517197779
IHH,5225,2020-05-20,3373.4942046550495,1989.1459074733298,-210.28880866424998,7.057519256600522,98.0009311242658,-2.3214285714285743,1.8281535648994707,0.20012360870581217,500.0,5.710191504009753,1007.0,4.760520542776722
IHH,5225,2020-05-19,-203.35481295647486,986.3387978141686,-1041.6666666666395,-0.4308364681281247,68.81360813325448,-1.6129032258064502,2.010968921389411,0.1939294633751515,500.0,0.9911775159043019,2613.0,3.992565362617639
IHH,5225,2020-05-18,-2487.792243530752,89.05380333951918,-1995.6442831215466,-5.293174986235642,95.75211521445267,-1.4545454545454528,0.5607476635514086,0.15731145250452472,200.0,0.6269805804150516,1559.0,4.6213390917402615
IHH,5225,2020-05-15,-1206.8685947230779,590.1639344262302,-1935.3901996369746,-2.6010099024204263,95.40158180085008,-0.7220216606498187,1.6393442622950838,0.12282081336161925,865.0,0.33163372562928134,2293.0,5.787310995388935
IHH,5225,2020-05-14,8609.269148692218,7876.2430939226315,-440.25500910745075,18.3175939333877,367.19493546536614,-1.26811594202898,0.917431192660545,0.16745214848350204,2152.0,2.057297787408717,5418.0,5.919313694826189
IHH,5225,2020-05-13,-578.9880290476442,1037.807183364829,-1690.7063197026246,-1.231889423505626,98.23471713573164,-1.3011152416356975,1.3207547169811429,0.17491865825271552,1010.0,4.082403481203169,1946.0,4.280299865067496
IHH,5225,2020-05-12,118.11399314711139,333.33333333333394,-970.2127659574128,0.24971245908480208,51.18277257374395,-0.9578544061302652,0.5791505791505891,0.11013086853595866,606.0,0.7366905291285695,2107.0,3.460649082697714
IHH,5225,2020-05-08,1857.1413812000428,1298.828125,-112.35741444866689,3.951364640851155,66.96581117558955,-0.7662835249042099,1.953125,0.13546238586925835,5000.0,-5.283406678059249,1658.0,4.431023882617258
IHH,5225,2020-05-06,-2714.4969619241842,75.7692307692305,-2392.528735632112,-5.77552545090252,111.0408516594314,-1.3358778625954248,0.5802707930367523,0.0948767821605924,1000.0,9.311844914040355,10070.0,5.687167578900543
IHH,5225,2020-05-05,-1448.0137350739576,76.16279069767455,-1552.692307692347,-3.035668207702217,71.59237294790198,-1.151631477927051,0.3875968992248069,0.0917803134169809,755.0,-0.41988828539246026,975.0,3.62581336638893
PHARMA,7081,2020-06-15,-4563.807342245638,830.7053941908684,-1716.3934426229528,-9.527781507819704,107.25292570393346,-1.6393442622950838,2.083333333333348,0.3197407472078654,318.0,3.833206619805984,1524.0,9.162029904784207
PHARMA,7081,2020-06-12,3821.878185382294,2747.5409836065605,-244.81327800830442,8.046059337646934,133.97526211580086,-1.3157894736842035,1.7777777777777892,0.2880664452567035,300.0,3.5110079689158122,896.0,9.77240029827332
PHARMA,7081,2020-06-11,-2942.139739534331,628.0991735537169,-1299.1967871486033,-6.155104057603203,93.5521690905438,-2.00803212851407,1.984126984126977,0.343685060877518,200.0,1.6513559373141538,900.0,8.694599069817754
PHARMA,7081,2020-06-10,993.556771833551,1165.779467680607,-280.14981273408307,2.100542857999051,60.902576346904695,-0.7633587786259555,1.1406844106463865,0.1716727413758919,500.0,3.194029824667582,949.0,5.626892777860158
PHARMA,7081,2020-06-09,1997.6544332605026,1918.146718146751,-535.3846153846289,4.170468545429024,103.70847582276024,-1.158301158301156,1.1583011583011782,0.18587797386312643,1000.0,3.75788986575205,1168.0,6.1395316773941335
PHARMA,7081,2020-06-05,470.39270849564633,504.3650793650776,-211.55378486055167,0.9840851642168333,29.87255271227076,-0.40160642570281624,0.40322580645162365,0.13281459672663581,250.0,1.2966131444226694,1856.0,5.951287954519034
PHARMA,7081,2020-06-04,2939.1477722765867,1271.774193548386,-529.7520661157007,6.148844711875705,87.42752595342567,-1.2345679012345734,2.0746887966804906,0.22219796251338889,500.0,1.3377363983230257,965.0,8.021261415480211
PHARMA,7081,2020-06-03,-1443.5662966680284,841.4937759336069,-1198.775510204096,-3.020013172945666,76.74018215665906,-1.224489795918382,1.6597510373443924,0.21165299771316903,500.0,3.7530287798010247,1026.0,5.525023705754761
PHARMA,7081,2020-06-02,-1467.0149662512968,169.44444444444383,-1125.5999999999906,-3.069068967052922,56.08629874051638,-1.19999999999999,0.8064516129032251,0.17416886874715068,400.0,2.8546127777076746,3437.0,11.066836011588952
PHARMA,7081,2020-06-01,-67.96761795011102,389.8785425101216,-598.3935742971879,-0.14189481826745515,59.8916049585209,-1.1811023622047334,1.2145748987854255,0.21079273490574024,500.0,2.013398479729449,1376.0,4.472831245209442
PHARMA,7081,2020-05-29,-4012.6638344811863,664.8221343873479,-2351.574803149624,-8.394694214395788,155.0943310747213,-1.1811023622047334,1.1904761904761862,0.20624430296732588,690.0,1.9137894299144471,1044.0,3.5941026164127843
PHARMA,7081,2020-05-28,-90.21038744609996,924.8000000000009,-1323.0769230769265,-0.18833066272672225,105.4418097397913,-2.7131782945736593,2.3809523809523725,0.29714686138356494,1600.0,4.373652030810347,1594.0,10.914601176111958
PHARMA,7081,2020-05-27,-11358.7430182801,2740.9638554216704,-10804.00000000001,-23.862905500588447,558.081251854945,-4.0000000000000036,3.658536585365857,0.4731448166220155,690.0,2.9532387445840786,2651.0,15.109468556555937
PHARMA,7081,2020-05-22,108.42378881226136,875.2173913043576,-410.30042918455234,0.2263544651612972,62.48996231921532,-1.2711864406779627,1.3043478260869712,0.22968473751760918,730.0,3.0300740806575854,5430.0,12.606193742817531
PHARMA,7081,2020-05-21,-3526.799295289484,3232.894736842127,-3140.4255319149147,-7.378241203534485,249.62939664654724,-2.1276595744680993,3.070175438596512,0.3575492561950566,700.0,0.7951740764619017,1828.0,9.355056836282873
PHARMA,7081,2020-05-20,5414.1327114941505,1839.2694063927163,-1413.9013452914721,11.326637471745086,193.91115420147196,-1.9323671497584516,1.9607843137254832,0.35365386718182185,1000.0,6.399257885379827,1754.0,10.309824080675911
PHARMA,7081,2020-05-19,-415.4146686176365,272.0430107526879,-248.42105263157973,-0.8727198920538581,26.838550174472935,-1.5544041450777257,1.5789473684210575,0.19421032904610955,200.0,4.959716398687438,704.0,10.689019755334172
PHARMA,7081,2020-05-18,-668.375866162196,162.03208556149573,-280.42328042328336,-1.4041509793323446,21.61711787106347,-1.0526315789473717,1.6042780748662944,0.15562973646324987,700.0,3.6894465085716224,601.0,18.37826000796338
PHARMA,7081,2020-05-15,-276.3464303956435,473.68421052631726,-234.375,-0.584241924726519,31.061005307277703,-1.5625,1.5789473684210575,0.2531535978386368,100.0,1.3203806461523964,1210.0,9.952718148027072
PHARMA,7081,2020-05-14,-20.30430285145019,245.7894736842113,-320.6521739130449,-0.042745900739895135,29.787035671696753,-1.6129032258064502,1.098901098901095,0.24279538260254852,300.0,4.0939871139018225,1111.0,13.740547364764698
PHARMA,7081,2020-05-13,769.5805591332874,792.2651933701691,-1367.7083333333285,1.6100011697349108,107.04098882706984,-1.6129032258064502,1.6574585635359185,0.3055940138506564,500.0,5.368722891456314,1781.0,14.859116991835965
PHARMA,7081,2020-05-12,424.05146339192265,998.8700564971856,-423.03370786516956,0.887136952702767,56.28164357010296,-0.5714285714285672,1.1299435028248705,0.1656538426982705,600.0,7.642905561608068,2032.0,19.405028934290264
PHARMA,7081,2020-05-08,-170.66927728116121,231.97674418604691,-188.50574712643837,-0.35704869724092303,15.804584196358581,-0.5780346820809301,1.744186046511631,0.15597625517931216,180.0,6.3982274905744285,881.0,10.27253674141429
PHARMA,7081,2020-05-06,1032.7669901274285,709.8265895953822,-180.68181818181978,2.2648398906303258,39.18062091696009,-1.1428571428571455,1.744186046511631,0.24344571727269604,1000.0,4.043292435570576,1004.0,25.468590425880095
PHARMA,7081,2020-05-05,-823.6760811250912,245.34883720930276,-322.1590909090938,-1.7945012660677369,27.507105810026996,-2.2727272727272707,1.7543859649122862,0.23393275908723796,200.0,6.153306094573906,462.0,14.40667919178005
